COUNTRY,COURSE TYPE,COURSE (SPECIALIZATION),FEES
GERMANY,MBA,MBA in Sales & Marketing ,3678127.31
GERMANY,MBA,MBA in Banking,1253594.37
GERMANY,MBA,MBA in Business Administration,454540.69
GERMANY,MBA,MBA in Hospital/Healthcare Management,3246719.22
GERMANY,MBA,MBA in Human Resource Management,1217519.71
GERMANY,MBA,MBA in Internal Business,1442986.32
GERMANY,MBA,MBA in Supply Chain & Logistics Management,1112181.71
GERMANY,MBA,MBA in General Management,1420439.66
GERMANY,MBA,MBA in Global Business Management,1339271.68
GERMANY,MBA,MBA in Entrepreneurship & Leadership Management,1147174.12
GERMANY,MBA,MBA in Tourism,1217519.71
GERMANY,MBA,MBA in Business Engineer,1316725.02
GERMANY,MBA,MBA in Finance,1442986.32
GERMANY,MBA,MBA in Accounting,1354964.15
GERMANY,MBA,MBA in Project Management,1112181.71
GERMANY,MBA,MBA in E-Sports Management,1354964.15
GERMANY,MASTERS OF MANAGEMENT,MASTERS OF MANAGEMENT in Hotel Management,1226769.15
GERMANY,MASTERS OF MANAGEMENT,MASTERS OF MANAGEMENT in Marketing,1082894.39
GERMANY,MASTERS OF MANAGEMENT,MASTERS OF MANAGEMENT in Event Management,938117.59
GERMANY,MASTERS OF MANAGEMENT,MASTERS OF MANAGEMENT in Luxury & Brand,1028321.2
GERMANY,MASTERS OF MANAGEMENT,MASTERS OF MANAGEMENT in Logistics & Supply Chain ,1195197.89
GERMANY,MASTERS OF MANAGEMENT,MASTERS OF MANAGEMENT in International Business ,1082894.39
GERMANY,MASTERS OF MANAGEMENT,MASTERS OF MANAGEMENT in Supply Chain Management,1533461.44
GERMANY,MASTERS OF MANAGEMENT,MASTERS OF MANAGEMENT in Hospital/Healthcare Management,1195197.89
GERMANY,MASTERS OF MANAGEMENT,MASTERS OF MANAGEMENT in Real Estate,3047078.08
GERMANY,MASTERS OF MANAGEMENT,MASTERS OF MANAGEMENT in Human Resource Management,1195197.89
GERMANY,MASTERS OF MANAGEMENT,MASTERS OF MANAGEMENT in Risk Management,755906.29
GERMANY,MASTERS OF MANAGEMENT,"MASTERS OF MANAGEMENT in Sports,Leisure & Tourism",986647.13
GERMANY,MASTERS OF MANAGEMENT,MASTERS OF MANAGEMENT in Eco-Design & Sustainable,1163626.62
GERMANY,MASTERS OF MANAGEMENT,MASTERS OF MANAGEMENT in Tourism,1195197.89
GERMANY,MASTERS OF MANAGEMENT,MASTERS OF MANAGEMENT in Data Analysis,1353054.21
GERMANY,MASTERS OF MANAGEMENT,MASTERS OF MANAGEMENT in Digital Marketing,1353054.21
GERMANY,MASTERS OF MANAGEMENT,MASTERS OF MANAGEMENT in Fashion Management,2256894.43
GERMANY,MASTERS OF MANAGEMENT,MASTERS OF MANAGEMENT in Media Management,1172646.98
GERMANY,MASTERS OF MANAGEMENT,MASTERS OF MANAGEMENT in Psychology Management,516866.71
GERMANY,MASTERS OF MANAGEMENT,MASTERS OF MANAGEMENT in Public Relations Management,1353054.21
GERMANY,MASTERS OF MANAGEMENT,MASTERS OF MANAGEMENT in Sports Management,1217748.79
GERMANY,MASTERS OF MANAGEMENT,MASTERS OF MANAGEMENT in Stratergic Management,1136565.54
GERMANY,M.ENG,M.ENG in Mechanical,2329959.35
GERMANY,M.ENG,M.ENG in Electrical,1298932.04
GERMANY,M.ENG,M.ENG in Architecture,584519.42
GERMANY,M.ENG,M.ENG in Civil ,1298932.04
GERMANY,M.ENG,M.ENG in IT & Networking,270610.84
GERMANY,M.ENG,M.ENG in Chemical,270610.84
GERMANY,M.ENG,M.ENG in Computer Science Engineering,1044106.83
GERMANY,M.ENG,M.ENG in Aerospace,3157125.6
GERMANY,M.ENG,M.ENG in Biomedical,90835.04
GERMANY,M.ENG,M.ENG in Energy & Environment,1298932.04
GERMANY,M.ENG,M.ENG in Industrial,1344033.85
GERMANY,M.ENG,M.ENG in International Business,1163626.62
GERMANY,M.ENG,M.ENG in Production,811832.53
GERMANY,M.Sc,M.Sc in Physics,1623665.05
GERMANY,M.Sc,M.Sc in Chemistry,1398156.02
GERMANY,M.Sc,M.Sc in Biology,1262850.6
GERMANY,M.Sc,M.Sc in Psychology ,1226769.15
GERMANY,M.Sc,M.Sc in Nursing,1623665.05
GERMANY,M.Sc,M.Sc in Environment,1488359.63
GERMANY,M.Sc,M.Sc in Agriculture,1127545.18
GERMANY,M.Sc,M.Sc inBusiness & Finance,1894275.9
GERMANY,M.Sc,M.Sc inI.T,1804072.28
GERMANY,M.Sc,M.Sc inData Science,2119784.93
USA,MBA,MBA in Sales & Marketing,2638614.4
USA,MBA,MBA in Business Administration,1417822.57
USA,MBA,MBA in Hospital/Healthcare Management,2058338.9
USA,MBA,MBA in International Business,2660913.49
USA,MBA,MBA in Supply Chain & Logistics Management,4676151.91
USA,MBA,MBA in Entrepreneurship & Leadership Management,2479691.8
USA,MBA,MBA in Finance,2660913.49
USA,MBA,MBA in Accounting,2058338.9
USA,MBA,MBA in Project Management,2321434.85
USA,MBA,MBA in Executive MBA,7779718.92
USA,MASTERS OF MANAGEMENT,MASTER OF MANAGEMENT in Hotel Management,4219519.85
USA,MASTERS OF MANAGEMENT,MASTER OF MANAGEMENT in Marketing,5325155.2
USA,MASTERS OF MANAGEMENT,MASTER OF MANAGEMENT in Logistics & Supply Chain ,869498
USA,MASTERS OF MANAGEMENT,MASTER OF MANAGEMENT in International Business ,3032509.48
USA,MASTERS OF MANAGEMENT,MASTER OF MANAGEMENT in Supply Chain Management,4153621.06
USA,MASTERS OF MANAGEMENT,MASTER OF MANAGEMENT in Hospital/Healthcare Management,4219519.85
USA,MASTERS OF MANAGEMENT,MASTER OF MANAGEMENT in Real Estate,5325155.2
USA,MASTERS OF MANAGEMENT,MASTER OF MANAGEMENT in Risk Management,5325155.2
USA,MASTERS OF MANAGEMENT,"MASTER OF MANAGEMENT in Sports,Leisure & Tourism",3983382.5
USA,MASTERS OF MANAGEMENT,MASTER OF MANAGEMENT in Wine & Gastronomy,207181.82
USA,MASTERS OF MANAGEMENT,MASTER OF MANAGEMENT in Public Relations Management,2396319.84
USA,MASTERS OF MANAGEMENT,MASTER OF MANAGEMENT in Sports Management,2034375.7
USA,MASTERS OF MANAGEMENT,MASTER OF MANAGEMENT in Spriti Marketing,2571051.5
USA,MASTERS OF MANAGEMENT,MASTER OF MANAGEMENT in Finance,3292942.85
USA,MASTERS OF MANAGEMENT,MASTER OF MANAGEMENT in Eco-Design & Sustainable,1514341.01
USA,M.ENG,M.ENG in Mechanical,4447336.65
USA,M.ENG,M.ENG in Marine,877568.94
USA,M.ENG,M.ENG in Electrical,3022857.63
USA,M.ENG,M.ENG in Architecture,4125331.17
USA,M.ENG,M.ENG in Civil ,4397995.76
USA,M.ENG,M.ENG in IT & Networking,4203544.39
USA,M.ENG,M.ENG in Chemical,4125331.17
USA,M.ENG,M.ENG in Computer Science Engineering,4447336.65
USA,M.ENG,M.ENG in Aerospace,3814641.65
USA,M.ENG,M.ENG in Biomedical,4422541.39
USA,M.ENG,M.ENG in Energy & Environment,4005515.18
USA,M.ENG,M.ENG in Industrial,3371156.06
USA,M.ENG,M.ENG in Production,1637485.22
USA,M.ENG,M.ENG in Nuclear ,839876.82
USA,M.ENG,M.ENG in Nanotechnology,1457178.8
USA,M.ENG,M.ENG in Software,4214361.11
USA,M.ENG,M.ENG in Bio Engineering,3287950.51
USA,M.Sc,M.Sc in Physics,4447336.65
USA,M.Sc,M.Sc in Chemistry,4613747.75
USA,M.Sc,M.Sc in Biology,4863364.4
USA,M.Sc,M.Sc in Psychology ,2492172.63
USA,M.Sc,M.Sc in NeuroScience,3729272.75
USA,M.Sc,M.Sc in Environment,3729272.75
USA,M.Sc,M.Sc in Agriculture,2537353.25
USA,M.Sc,M.Sc in Forensic Science,1535142.4
USA,M.Sc,M.Sc in Botany,1808722.25
USA,M.Sc,M.Sc in Energy & Environment,2396319.84
USA,M.Sc,M.Sc in Zoology,2098277.56
USA,M.Sc,M.Sc in Mathematics,4397995.76
USA,M.Sc,M.Sc in Geology,3814641.65
CANADA,MBA,MBA in Executive MBA,2261903.85
CANADA,MBA,MBA in Banking,1735926.81
CANADA,MBA,MBA in Business Administration,3868254.57
CANADA,MBA,MBA in Hospital/Healthcare Management,2357658.81
CANADA,MBA,MBA in Human Resource Management,1675711.67
CANADA,MBA,MBA in International Business,1735926.81
CANADA,MBA,MBA in Entrepreneurship & Leadership Management,1735926.81
CANADA,MBA,MBA in Project Management,1557552.52
CANADA,MBA,MBA in Marketing,1387219.19
CANADA,MASTERS OF MANAGEMENT,MASTERS OF MANAGEMENT in Hotel Management,1012792.77
CANADA,MASTERS OF MANAGEMENT,MASTERS OF MANAGEMENT in Marketing,994501.12
CANADA,MASTERS OF MANAGEMENT,MASTERS OF MANAGEMENT in Event Management,985478.06
CANADA,MASTERS OF MANAGEMENT,MASTERS OF MANAGEMENT in Logistics & Supply Chain ,869712.77
CANADA,MASTERS OF MANAGEMENT,MASTERS OF MANAGEMENT in International Business ,2949682.22
CANADA,MASTERS OF MANAGEMENT,MASTERS OF MANAGEMENT in Supply Chain Management,1507403.93
CANADA,MASTERS OF MANAGEMENT,MASTERS OF MANAGEMENT in Hospital/Healthcare Management,3729532.65
CANADA,MASTERS OF MANAGEMENT,MASTERS OF MANAGEMENT in Real Estate,859339.32
CANADA,MASTERS OF MANAGEMENT,MASTERS OF MANAGEMENT in Human Resource Management,890030.01
CANADA,MASTERS OF MANAGEMENT,MASTERS OF MANAGEMENT in Risk Management,1103453.07
CANADA,MASTERS OF MANAGEMENT,"MASTERS OF MANAGEMENT in Sports,Leisure & Tourism",767267.25
CANADA,MASTERS OF MANAGEMENT,MASTERS OF MANAGEMENT in Eco-Design & Sustainable,2739082.7
CANADA,MASTERS OF MANAGEMENT,MASTERS OF MANAGEMENT in Tourism,1619240.8
CANADA,MASTERS OF MANAGEMENT,MASTERS OF MANAGEMENT in Data Analysis,3255975.3
CANADA,MASTERS OF MANAGEMENT,MASTERS OF MANAGEMENT in Digital Marketing,2930224.32
CANADA,MASTERS OF MANAGEMENT,MASTERS OF MANAGEMENT in Leadership,1659138.7
CANADA,MASTERS OF MANAGEMENT,MASTERS OF MANAGEMENT in Public Relations Management,1074296.91
CANADA,MASTERS OF MANAGEMENT,MASTERS OF MANAGEMENT in Sports Management,3831425.74
CANADA,MASTERS OF MANAGEMENT,MASTERS OF MANAGEMENT in Stratergic Management,1103453.07
CANADA,MASTERS OF MANAGEMENT,MASTERS OF MANAGEMENT in Business Analytics,2785180.12
CANADA,MASTERS OF MANAGEMENT,MASTERS OF MANAGEMENT in Purchasing & resourcing,767267.25
CANADA,MASTERS OF MANAGEMENT,MASTERS OF MANAGEMENT in Project Management,3831425.74
CANADA,M.ENG,M.ENG in Mechanical,3366154.88
CANADA,M.ENG,M.ENG in Electrical,978603.34
CANADA,M.ENG,M.ENG in Architecture,1069671.21
CANADA,M.ENG,M.ENG in Civil ,1102470.97
CANADA,M.ENG,M.ENG in IT & Networking,1726719.6
CANADA,M.ENG,M.ENG in Chemical,3366154.88
CANADA,M.ENG,M.ENG in Computer Science Engineering,2802428.29
CANADA,M.ENG,M.ENG in Aerospace,3366154.88
CANADA,M.ENG,M.ENG in Agriculture,1069671.21
CANADA,M.ENG,M.ENG in Biomedical,528186.77
CANADA,M.ENG,M.ENG in Biology,681149.17
CANADA,M.ENG,M.ENG in Environmental,2963124.74
CANADA,M.ENG,M.ENG in Mining,1194972.71
CANADA,M.ENG,M.ENG in Industrial,1321234.2
CANADA,M.ENG,M.ENG in Nanotechnology,1961135.09
CANADA,M.ENG,M.ENG in Nuclear ,1310369.7
CANADA,M.ENG,M.ENG in Software,3527096.86
CANADA,M.ENG,M.ENG in Texttile,1068036.01
CANADA,M.Sc,M.Sc in Physics,3101854.12
CANADA,M.Sc,M.Sc inChemistry,658853.87
CANADA,M.Sc,M.Sc inBiology,2635909.31
CANADA,M.Sc,M.Sc inPsychology ,720276.11
CANADA,M.Sc,M.Sc inNursing,802501.66
CANADA,M.Sc,M.Sc inEnvironment,442980.92
CANADA,M.Sc,M.Sc inAgriculture,1821061.47
CANADA,M.Sc,M.Sc inEnergy & Environment,1063314.7
CANADA,M.Sc,M.Sc inZoology,1363635.52
CANADA,M.Sc,M.Sc inMathematics,2808755.82
FRANCE,MBA,MBA in Sales & Marketing,2164886.74
FRANCE,MBA,MBA inBanking,893015.78
FRANCE,MBA,MBA inBusiness Administration,2836903.66
FRANCE,MBA,MBA in Hospital/Healthcare Management,856934.33
FRANCE,MBA,MBA in Human Resource Management,630523.26
FRANCE,MBA,MBA in Internal Business,2164886.74
FRANCE,MBA,MBA in Supply Chain & Logistics Management,1204218.25
FRANCE,MBA,MBA in Global Business Management,9200768.64
FRANCE,MBA,MBA in Entrepreneurship & Leadership Management,1082443.37
FRANCE,MBA,MBA in Tourism,802812.17
FRANCE,MBA,MBA in Business Engineer,1170842.91
FRANCE,MBA,MBA in Finance,981415.32
FRANCE,MBA,MBA in Accounting,893015.78
FRANCE,MBA,MBA in Project Management,1082443.37
FRANCE,MBA,MBA in Gastronomy,1649824.1
FRANCE,MBA,MBA in Information Technology,1469416.87
FRANCE,MBA,MBA in Leadership Management,3517940.95
FRANCE,MBA,MBA in Luxury Management,1249320.06
FRANCE,MBA,MBA in Wine Marketing & Management,978709.21
FRANCE,MASTERS OF MANAGEMENT,MASTERS OF MANAGEMENT in Hotel Management,631792
FRANCE,MASTERS OF MANAGEMENT,MASTERS OF MANAGEMENT in Management,1791581.6
FRANCE,MASTERS OF MANAGEMENT,MASTERS OF MANAGEMENT in Marketing,2518142.4
FRANCE,MASTERS OF MANAGEMENT,MASTERS OF MANAGEMENT in Event Management,1362865.6
FRANCE,MASTERS OF MANAGEMENT,MASTERS OF MANAGEMENT in Luxury and Brand,1252028.57
FRANCE,MASTERS OF MANAGEMENT,MASTERS OF MANAGEMENT in Digital Marketing & E-Business,1916462.5
FRANCE,MASTERS OF MANAGEMENT,MASTERS OF MANAGEMENT in Logistic and Supply Chain,1057670.34
FRANCE,MASTERS OF MANAGEMENT,MASTERS OF MANAGEMENT in International Corporate Finance,1057670.34
FRANCE,MASTERS OF MANAGEMENT,MASTERS OF MANAGEMENT in International Business,894951.83
FRANCE,MASTERS OF MANAGEMENT,MASTERS OF MANAGEMENT in Real Estate,1012470.75
FRANCE,MASTERS OF MANAGEMENT,MASTERS OF MANAGEMENT in Human Resource ,1645264.98
FRANCE,MASTERS OF MANAGEMENT,MASTERS OF MANAGEMENT in Risk Management,1627185.14
FRANCE,MASTERS OF MANAGEMENT,MASTERS OF MANAGEMENT in International Sports And Event Management,1572945.64
FRANCE,M.ENG,M.ENG in ME/M.TECH,786472.82
FRANCE,M.ENG,M.ENG in Electtical Engineering,813592.57
FRANCE,M.ENG,M.ENG in Architecture,1627185.14
FRANCE,M.ENG,M.ENG in Civil Engineering,451995.87
FRANCE,M.ENG,M.ENG in IT Engineering,922794.77
FRANCE,M.ENG,M.ENG in Computer Engineering,1242988.65
FRANCE,M.ENG,M.ENG in Aerospace Engineering,271197.52
FRANCE,M.ENG,M.ENG in Agriculture,645319.52
FRANCE,M.ENG,M.ENG in Biology,1397251.97
FRANCE,M.ENG,M.ENG in Biomedical,933440.3
FRANCE,M.ENG,M.ENG in Business Administration,1536041
FRANCE,M.ENG,M.ENG in Energy Engineering,342655.3
FRANCE,M.ENG,M.ENG in Food Technology,781654
FRANCE,M.ENG,"M.ENG in 
Industrial",454450
FRANCE,M.ENG,M.ENG in Materials,342655.3
FRANCE,M.ENG,M.ENG in Nuclear ,1090680
FRANCE,M.ENG,M.ENG in Production,1136125
FRANCE,M.ENG,"M.ENG in 
Risk Management",1249737.5
FRANCE,M.ENG,M.ENG in Texttile,2726700
FRANCE,M.ENG,M.ENG in Transportation,899811
FRANCE,M.Sc,M.Sc in Physics,1397251.97
FRANCE,M.Sc,M.Sc in Chemistry,45445
FRANCE,M.Sc,M.Sc in Biology,45445
FRANCE,M.Sc,M.Sc in Botany,2181360
FRANCE,M.Sc,M.Sc in Agriculture,3181150
FRANCE,M.Sc,M.Sc in Security Science,772565
FRANCE,M.Sc,M.Sc in Mathematics,363560
FRANCE,M.Sc,M.Sc in Business & Finance,1177025.5
CHINA,MBA,MBA in Finance & Accounting,632314312
CHINA,MBA,MBA in Business Administration,5580058.06
CHINA,MBA,MBA in International Business,1181726
CHINA,MBA,MBA in General Management,889021.56
CHINA,MBA,MBA in Global Business Management,1251175.13
CHINA,MBA,MBA in Executive MBA,1136843.83
CHINA,MASTERS OF MANAGEMENT,MASTERS OF MANAGEMENT in Marketing,214962.05
CHINA,MASTERS OF MANAGEMENT,MASTERS OF MANAGEMENT in Logistics & Supply Chain ,253983.09
CHINA,MASTERS OF MANAGEMENT,MASTERS OF MANAGEMENT in International Business ,311706.52
CHINA,MASTERS OF MANAGEMENT,MASTERS OF MANAGEMENT in Finance,265527.78
CHINA,MASTERS OF MANAGEMENT,MASTERS OF MANAGEMENT in Hospital/Healthcare Management,4202265.69
CHINA,MASTERS OF MANAGEMENT,MASTERS OF MANAGEMENT in Human Resource Management,372893.36
CHINA,MASTERS OF MANAGEMENT,MASTERS OF MANAGEMENT in Risk Management,203186.47
CHINA,MASTERS OF MANAGEMENT,MASTERS OF MANAGEMENT in Project Management,253983.09
CHINA,MASTERS OF MANAGEMENT,MASTERS OF MANAGEMENT in Environment,311706.52
CHINA,MASTERS OF MANAGEMENT,MASTERS OF MANAGEMENT in Finance,184714.98
CHINA,M.ENG,M.ENG in Mechanical,412672.7
CHINA,M.ENG,M.ENG in Electrical,1551098.16
CHINA,M.ENG,"M.ENG in 
Architecture",908534.05
CHINA,M.ENG,M.ENG in Civil ,1551098.16
CHINA,M.ENG,M.ENG in Chemical,642000
CHINA,M.ENG,M.ENG in Computer Science Engineering,1551206.08
CHINA,M.ENG,M.ENG in Agriculture,276930.71
CHINA,M.ENG,M.ENG in Biomedical,433000
CHINA,M.ENG,M.ENG in Environmental,253853.15
CHINA,M.ENG,"M.ENG in 
Food Technology",147696.38
CHINA,M.ENG,M.ENG in Industrial,253853.15
CHINA,M.Sc,M.Sc in Physics,346163.39
CHINA,M.Sc,M.Sc in Chemistry,403857.29
CHINA,M.Sc,M.Sc in Biology,4996291.59
CHINA,M.Sc,M.Sc in Environment,161542.92
CHINA,M.Sc,M.Sc in Agriculture,253853.15
CHINA,M.Sc,M.Sc in Mathematics,184620.47
UK,MBA,MBA in Sales & Marketing,1835358.2
UK,MBA,MBA in Banking,2655936.26
UK,MBA,MBA in Business Administration,4355735.47
UK,MBA,MBA in Human Resource Management,2655936.26
UK,MBA,MBA in International Business,1168611.96
UK,MBA,MBA in Entrepreneurship & Leadership Management,1274849.41
UK,MBA,MBA in Executive MBA,4508000
UK,MASTERS OF MANAGEMENT,MASTERS OF MANAGEMENT in Hotel Management,1563433.71
UK,MASTERS OF MANAGEMENT,MASTERS OF MANAGEMENT in Marketing,2352000
UK,MASTERS OF MANAGEMENT,MASTERS OF MANAGEMENT in Luxury & Brand ,1563576.93
UK,MASTERS OF MANAGEMENT,MASTERS OF MANAGEMENT in Logistics & Supply Chain ,2603144.29
UK,MASTERS OF MANAGEMENT,MASTERS OF MANAGEMENT in International Business ,1764306.4
UK,MASTERS OF MANAGEMENT,MASTERS OF MANAGEMENT in Supply Chain Management,1864671.13
UK,MASTERS OF MANAGEMENT,MASTERS OF MANAGEMENT in Real Estate,1829807.6
UK,MASTERS OF MANAGEMENT,MASTERS OF MANAGEMENT in Human Resource Management,2232956.89
UK,MASTERS OF MANAGEMENT,"MASTERS OF MANAGEMENT in Sports,Leisure & Tourism",1109294.44
UK,MASTERS OF MANAGEMENT,MASTERS OF MANAGEMENT in Communication,1553012.22
UK,MASTERS OF MANAGEMENT,MASTERS OF MANAGEMENT in Banking,1690353.44
UK,MASTERS OF MANAGEMENT,MASTERS OF MANAGEMENT in Digital Marketing,1584706.35
UK,MASTERS OF MANAGEMENT,MASTERS OF MANAGEMENT in Project Management,2551377.22
UK,MASTERS OF MANAGEMENT,MASTERS OF MANAGEMENT in Entrepreneurship & Leadership Management,2930200
UK,MASTERS OF MANAGEMENT,MASTERS OF MANAGEMENT in Environment,1584706.35
UK,MASTERS OF MANAGEMENT,MASTERS OF MANAGEMENT in Fashion,2013210.94
UK,MASTERS OF MANAGEMENT,MASTERS OF MANAGEMENT in Sports,1956584.1
UK,MASTERS OF MANAGEMENT,MASTERS OF MANAGEMENT in Stratergic Management,2930200
UK,M.ENG,M.ENG in Mechanical,3296189.2
UK,M.ENG,M.ENG in Marine,686706.08
UK,M.ENG,M.ENG in Electrical,2218588.89
UK,M.ENG,M.ENG in Architecture,2295922.56
UK,M.ENG,M.ENG in Civil Engineering,3296189.2
UK,M.ENG,M.ENG in Chemical,3063765.6
UK,M.ENG,M.ENG in Computer Engineering,2742598.45
UK,M.ENG,M.ENG in Aerospace Engineering,2583071.35
UK,M.ENG,M.ENG in Agriculture,2060118.25
UK,M.ENG,M.ENG in Biomedical,2186894.76
UK,M.ENG,M.ENG in Energy Engineering,2590466.64
UK,M.ENG,M.ENG in Industrial,2720412.56
UK,M.ENG,M.ENG in Materials,2060118.25
UK,M.ENG,M.ENG in Textile,1360311.93
UK,M.Sc,M.Sc in Physics,2799647.88
UK,M.Sc,M.Sc in Biotechnology,3026789.12
UK,M.Sc,M.Sc in Chemistry,3074330.31
UK,M.Sc,M.Sc in Biology,2609483.12
UK,M.Sc,M.Sc in Psychology ,3296189.2
UK,M.Sc,M.Sc in Business Analytics,3602565.76
UK,M.Sc,M.Sc in Environment,3289319.24
UK,M.Sc,M.Sc in Botany,1603543.13
UK,M.Sc,M.Sc in Forensic Science,538000.42
UK,M.Sc,M.Sc in Mathematics,2609483.12
UK,M.Sc,M.Sc in Zoology,1420522.03
AUSTRALIA,MBA,MBA in Sales & Marketing,1818006.2
AUSTRALIA,MBA,MBA in Supply Chain & Logistics Management,1625717.08
AUSTRALIA,MBA,MBA in Business Administration,2150141.94
AUSTRALIA,MBA,MBA in Entrepreneurship & Leadership Management,1362958.37
AUSTRALIA,MBA,MBA in Executive MBA,3660048.53
AUSTRALIA,MBA,MBA in Finance,1496795.97
AUSTRALIA,MASTERS OF MANAGEMENT,MASTERS OF MANAGEMENT in Hotel Management,1409391.82
AUSTRALIA,MASTERS OF MANAGEMENT,MASTERS OF MANAGEMENT in Marketing,1311062.16
AUSTRALIA,MASTERS OF MANAGEMENT,MASTERS OF MANAGEMENT in Logistics & Supply Chain ,1622439.42
AUSTRALIA,MASTERS OF MANAGEMENT,MASTERS OF MANAGEMENT in Finance,1606051.15
AUSTRALIA,MASTERS OF MANAGEMENT,MASTERS OF MANAGEMENT in International Business ,1606051.15
AUSTRALIA,MASTERS OF MANAGEMENT,MASTERS OF MANAGEMENT in Supply Chain Management,2040012.72
AUSTRALIA,MASTERS OF MANAGEMENT,MASTERS OF MANAGEMENT in Human Resource Management,2312713.65
AUSTRALIA,MASTERS OF MANAGEMENT,MASTERS OF MANAGEMENT in Banking,2467418.99
AUSTRALIA,MASTERS OF MANAGEMENT,MASTERS OF MANAGEMENT in Accounting,2576674.17
AUSTRALIA,MASTERS OF MANAGEMENT,MASTERS OF MANAGEMENT in Communication,2107860.19
AUSTRALIA,MASTERS OF MANAGEMENT,MASTERS OF MANAGEMENT in Business Administration,2312713.65
AUSTRALIA,MASTERS OF MANAGEMENT,MASTERS OF MANAGEMENT in Project Management,2467418.99
AUSTRALIA,MASTERS OF MANAGEMENT,MASTERS OF MANAGEMENT in Entrepreneurship & Leadership Management,1468389.62
AUSTRALIA,MASTERS OF MANAGEMENT,MASTERS OF MANAGEMENT in Environment,1584200.11
AUSTRALIA,M.ENG,M.ENG in Mechanical,2258523.08
AUSTRALIA,M.ENG,M.ENG in Electrical,2281248.16
AUSTRALIA,M.ENG,M.ENG in Architecture,1627902.18
AUSTRALIA,M.ENG,M.ENG in Civil Engineering,2257430.53
AUSTRALIA,M.ENG,M.ENG in Chemical,1963097.07
AUSTRALIA,M.ENG,M.ENG in Computer Engineering,2125013.25
AUSTRALIA,M.ENG,M.ENG in Mining,1928353.93
AUSTRALIA,M.ENG,M.ENG in Aerospace Engineering,2125013.25
AUSTRALIA,M.ENG,M.ENG in Agriculture,2239731.19
AUSTRALIA,M.ENG,M.ENG in Biological,2258523.08
AUSTRALIA,M.ENG,M.ENG in Mechatronics,1928353.93
AUSTRALIA,M.ENG,M.ENG in Energy Engineering,1928353.93
AUSTRALIA,M.ENG,M.ENG in Food Technology,2255026.92
AUSTRALIA,M.ENG,M.ENG in Software,1928353.93
AUSTRALIA,M.Sc,M.Sc in Physics,1911965.65
AUSTRALIA,M.Sc,M.Sc in Chemistry,1518647
AUSTRALIA,M.Sc,"M.Sc in 
Biology",2346801.27
AUSTRALIA,M.Sc,M.Sc in Psychology ,2256775
AUSTRALIA,M.Sc,M.Sc in Environment,2346801.27
AUSTRALIA,M.Sc,M.Sc in Agriculture,2181607.43
AUSTRALIA,M.Sc,M.Sc in Mathematics,2004832.55
AUSTRALIA,M.Sc,M.Sc in Communication,1811887.91
RUSSIA,MBA,MBA in Executive MBA,1158602
RUSSIA,MBA,MBA in Marketing,"376,483"
RUSSIA,MBA,MBA in Finance,376483
RUSSIA,MASTERS OF MANAGEMENT,MASTER OF MANAGEMENT in Marketing,209728.83
RUSSIA,MASTERS OF MANAGEMENT,MASTER OF MANAGEMENT in Management,207017.98
RUSSIA,MASTERS OF MANAGEMENT,MASTER OF MANAGEMENT in Finance,367861.29
RUSSIA,MASTERS OF MANAGEMENT,MASTER OF MANAGEMENT in International Business,494819.06
RUSSIA,MASTERS OF MANAGEMENT,MASTER OF MANAGEMENT in Business Administration,138524.04
RUSSIA,MASTERS OF MANAGEMENT,MASTER OF MANAGEMENT in Economics,456686.55
RUSSIA,MASTERS OF MANAGEMENT,MASTER OF MANAGEMENT in Commerce,467981.73
RUSSIA,M.ENG,M.ENG in Electrical,373373.33
RUSSIA,M.ENG,M.ENG in Civil Engineering,369397.43
RUSSIA,M.ENG,M.ENG in Computer Engineering,316264.92
RUSSIA,M.ENG,M.ENG in Biology,271084.22
RUSSIA,M.ENG,M.ENG in Biomedical,292319.15
RUSSIA,M.ENG,M.ENG in Mechatronics,316264.92
RUSSIA,M.ENG,M.ENG in Nanotechnology,355120.33
RUSSIA,M.ENG,M.ENG in Nuclear,369397.43
RUSSIA,M.Sc,M.Sc in Physics,250120.37
RUSSIA,M.Sc,M.Sc in Chemistry,105632.48
RUSSIA,M.Sc,M.Sc in Biology,307228.78
RUSSIA,M.Sc,M.Sc in Psychology ,195993.89
RUSSIA,M.Sc,M.Sc in Mathematics,406174.52
SINGAPORE,MBA,MBA in Banking,1391179.27
SINGAPORE,MBA,MBA in Business Administration,2086768.9
SINGAPORE,MBA,MBA in Supplychain & Logistics Management,1623042.48
SINGAPORE,MBA,MBA in Executive MBA,5881710.3
SINGAPORE,MBA,MBA in Finance,1411610.47
SINGAPORE,MBA,MBA in Marketing,1457425.9
SINGAPORE,MASTERS OF MANAGEMENT,MASTERS OF MANAGEMENT in Hotel Management,1647683.75
SINGAPORE,MASTERS OF MANAGEMENT,MASTERS OF MANAGEMENT in Marketing,1552585.78
SINGAPORE,MASTERS OF MANAGEMENT,MASTERS OF MANAGEMENT in Logistics & Supply Chain ,1604778.22
SINGAPORE,MASTERS OF MANAGEMENT,MASTERS OF MANAGEMENT in Finance,1552585.78
SINGAPORE,MASTERS OF MANAGEMENT,MASTERS OF MANAGEMENT in International Business ,1997057.34
SINGAPORE,MASTERS OF MANAGEMENT,MASTERS OF MANAGEMENT in Supply Chain Management,1647683.75
SINGAPORE,MASTERS OF MANAGEMENT,MASTERS OF MANAGEMENT in Hospital/Healthcare Management,1454763.65
SINGAPORE,MASTERS OF MANAGEMENT,MASTERS OF MANAGEMENT in Retail,684383.43
SINGAPORE,MASTERS OF MANAGEMENT,MASTERS OF MANAGEMENT in Human Resource Management,1281903.28
SINGAPORE,MASTERS OF MANAGEMENT,MASTERS OF MANAGEMENT in Aviation,1647683.75
SINGAPORE,MASTERS OF MANAGEMENT,MASTERS OF MANAGEMENT in Accounting,2086768.9
SINGAPORE,MASTERS OF MANAGEMENT,MASTERS OF MANAGEMENT in Commerce,4624881.68
SINGAPORE,MASTERS OF MANAGEMENT,MASTERS OF MANAGEMENT in Operations,1647683.75
SINGAPORE,MASTERS OF MANAGEMENT,MASTERS OF MANAGEMENT in Communication,1967586.88
SINGAPORE,MASTERS OF MANAGEMENT,MASTERS OF MANAGEMENT in Entrepreneurship & Leadership Management,650083.77
SINGAPORE,MASTERS OF MANAGEMENT,MASTERS OF MANAGEMENT in Project Management,2057979.48
SINGAPORE,M.ENG,M.ENG in Mechanical,1666629.05
SINGAPORE,M.ENG,M.ENG in Electrical,744624.52
SINGAPORE,M.ENG,M.ENG in Architecture,1666629.05
SINGAPORE,M.ENG,M.ENG in Civil Engineering,2358875.39
SINGAPORE,M.ENG,M.ENG in Computer Engineering,2285756.45
SINGAPORE,M.ENG,M.ENG in Aerospace Engineering,1647683.75
SINGAPORE,M.ENG,M.ENG in Biomedical,1666629.05
SINGAPORE,M.ENG,M.ENG in Energy Engineering,2474280.74
SINGAPORE,M.ENG,M.ENG in Mechatronics,594362.3
SINGAPORE,M.Sc,M.Sc in Biology,817062.43
ITALY,MBA,MBA in Business Administration,904770
ITALY,MBA,MBA in International Business,1664776
ITALY,MBA,MBA in Operations,904770
ITALY,MASTERS OF MANAGEMENT,MASTERS OF MANAGEMENT in Hotel Management,102600
ITALY,MASTERS OF MANAGEMENT,MASTERS OF MANAGEMENT in Marketing,1150324
ITALY,MASTERS OF MANAGEMENT,MASTERS OF MANAGEMENT in Luxury And Brand,1221439
ITALY,MASTERS OF MANAGEMENT,MASTERS OF MANAGEMENT in Global Business Management,832388
ITALY,MASTERS OF MANAGEMENT,MASTERS OF MANAGEMENT in Finance,264645
ITALY,MASTERS OF MANAGEMENT,MASTERS OF MANAGEMENT in International Business,993437
ITALY,MASTERS OF MANAGEMENT,MASTERS OF MANAGEMENT in Supply Chain Management,1311916
ITALY,MASTERS OF MANAGEMENT,MASTERS OF MANAGEMENT in Human Resource Management,1311916.5
ITALY,MASTERS OF MANAGEMENT,MASTERS OF MANAGEMENT in Tourism Management,384527.25
ITALY,MASTERS OF MANAGEMENT,MASTERS OF MANAGEMENT in Operations,904770
ITALY,MASTERS OF MANAGEMENT,MASTERS OF MANAGEMENT in Project Management,1311916
ITALY,MASTERS OF MANAGEMENT,MASTERS OF MANAGEMENT in Communication,1872873
ITALY,MASTERS OF MANAGEMENT,MASTERS OF MANAGEMENT in Data Analysis,993437.46
ITALY,MASTERS OF MANAGEMENT,MASTERS OF MANAGEMENT in Digital Marketing,1311916.5
ITALY,MASTERS OF MANAGEMENT,MASTERS OF MANAGEMENT in ENTREPRENEURSHIP AND LEADERSHIP,121601.09
ITALY,MASTERS OF MANAGEMENT,MASTERS OF MANAGEMENT in Environment,121601.09
ITALY,MASTERS OF MANAGEMENT,MASTERS OF MANAGEMENT in Fashion Management,1890969.3
ITALY,MASTERS OF MANAGEMENT,MASTERS OF MANAGEMENT in Luxury And Brand,1890969.3
ITALY,MASTERS OF MANAGEMENT,MASTERS OF MANAGEMENT in Sports,1311916.5
ITALY,M.ENG,M.ENG in Mechanical,904770
ITALY,M.ENG,M.ENG in Electrical,234878.29
ITALY,M.ENG,M.ENG in Architechture,904770
ITALY,M.ENG,"M.ENG in 
Civil",264645.23
ITALY,M.ENG,M.ENG in IT & Networking,271431
ITALY,M.ENG,M.ENG in Chemical,904770
ITALY,M.ENG,M.ENG in Computer Science Engineering,904770
ITALY,M.ENG,M.ENG in Aerospace Engineering,904770
ITALY,M.ENG,M.ENG in Biomedical,904770
ITALY,M.ENG,M.ENG in Electrical,904770
ITALY,M.ENG,M.ENG in Energy & Environment,542040
ITALY,M.ENG,M.ENG in Food Technology,343292
ITALY,M.ENG,M.ENG in Industrial,235064.68
ITALY,M.ENG,M.ENG in Materials,406530
ITALY,M.ENG,M.ENG in Mechatronics,442666
ITALY,M.ENG,M.ENG in Nanotechnology,352326
ITALY,M.ENG,M.ENG in Nuclear,316190
ITALY,M.ENG,M.ENG in Production,406530
ITALY,M.Sc,M.Sc in Physics,406530
ITALY,M.Sc,M.Sc in Chemistry,271020
ITALY,M.Sc,M.Sc in Biology,252952
ITALY,M.Sc,M.Sc in Environment,623346
ITALY,M.Sc,M.Sc in Mathematics,442666
BELGIUM,MBA,MBA in Business Administartion,3524922.18
BELGIUM,MBA,MBA in Supply Chain And Logistic,1170605.01
BELGIUM,MBA,MBA in Executive MBA,3524922.18
BELGIUM,MASTERS OF MANAGEMENT,MASTERS OF MANAGEMENT in Marketing,1355913.14
BELGIUM,MASTERS OF MANAGEMENT,MASTERS OF MANAGEMENT in Management,1170605.01
BELGIUM,MASTERS OF MANAGEMENT,MASTERS OF MANAGEMENT in General Management,3524922.18
BELGIUM,MASTERS OF MANAGEMENT,MASTERS OF MANAGEMENT in Global Management,1170605.01
BELGIUM,MASTERS OF MANAGEMENT,"MASTERS OF MANAGEMENT in 
Finance",1170605.01
BELGIUM,MASTERS OF MANAGEMENT,MASTERS OF MANAGEMENT in International Business,1373991.98
BELGIUM,MASTERS OF MANAGEMENT,"MASTERS OF MANAGEMENT in 
Information Technology",158189.87
BELGIUM,MASTERS OF MANAGEMENT,MASTERS OF MANAGEMENT in Business Administartion,1310716.03
BELGIUM,MASTERS OF MANAGEMENT,MASTERS OF MANAGEMENT in Economics College,3663677.3
BELGIUM,MASTERS OF MANAGEMENT,MASTERS OF MANAGEMENT in Entreprenuer and Leadership,1309930
BELGIUM,M.ENG,M.ENG in Mechanical,504097.2
BELGIUM,M.ENG,M.ENG in Electrical,594437.2
BELGIUM,M.ENG,M.ENG in Architecture,316190
BELGIUM,M.ENG,M.ENG in Civil,130993
BELGIUM,M.ENG,M.ENG in Chemical,542040
BELGIUM,M.ENG,M.ENG in Agriculture,130993
BELGIUM,M.ENG,M.ENG in Biology,311673
BELGIUM,M.ENG,M.ENG in Biomedical,542040
BELGIUM,M.ENG,M.ENG in Materials,542040
BELGIUM,M.ENG,M.ENG in Nuclear,80402.6
BELGIUM,M.Sc,M.Sc in Physics,81848.04
BELGIUM,M.Sc,M.Sc in Chemistry,172188.04
BELGIUM,M.Sc,M.Sc in Biology,130993
BELGIUM,M.Sc,M.Sc in Psychology ,130993
BELGIUM,M.Sc,M.Sc in Environment,90340
BELGIUM,M.Sc,M.Sc in Data Analysis,102084.2